unique_id,ds,y
synthetic_seasonal,2024-01-01 00:00:00+00:00,50.72298136644714
synthetic_seasonal,2024-01-02 00:00:00+00:00,52.41664701722423
synthetic_seasonal,2024-01-03 00:00:00+00:00,53.12816012542751
synthetic_seasonal,2024-01-04 00:00:00+00:00,51.92988241467391
synthetic_seasonal,2024-01-05 00:00:00+00:00,49.19047075053131
synthetic_seasonal,2024-01-06 00:00:00+00:00,47.46469451867695
synthetic_seasonal,2024-01-07 00:00:00+00:00,47.58492026073554
synthetic_seasonal,2024-01-08 00:00:00+00:00,49.630563224580065
synthetic_seasonal,2024-01-09 00:00:00+00:00,52.693578895500714
synthetic_seasonal,2024-01-10 00:00:00+00:00,52.84880398177105
synthetic_seasonal,2024-01-11 00:00:00+00:00,51.91526865010222
synthetic_seasonal,2024-01-12 00:00:00+00:00,49.02397600667272
synthetic_seasonal,2024-01-13 00:00:00+00:00,46.942569087622964
synthetic_seasonal,2024-01-14 00:00:00+00:00,48.04836818401649
synthetic_seasonal,2024-01-15 00:00:00+00:00,50.634590237402236
synthetic_seasonal,2024-01-16 00:00:00+00:00,52.73425450554477
synthetic_seasonal,2024-01-17 00:00:00+00:00,52.853499187571934
synthetic_seasonal,2024-01-18 00:00:00+00:00,51.772815717189225
synthetic_seasonal,2024-01-19 00:00:00+00:00,49.236849635007985
synthetic_seasonal,2024-01-20 00:00:00+00:00,47.86735995144275
synthetic_seasonal,2024-01-21 00:00:00+00:00,48.41552276392551
synthetic_seasonal,2024-01-22 00:00:00+00:00,49.96587124351617
synthetic_seasonal,2024-01-23 00:00:00+00:00,52.536608769302596
synthetic_seasonal,2024-01-24 00:00:00+00:00,53.68764030052214
synthetic_seasonal,2024-01-25 00:00:00+00:00,50.93281191631054
synthetic_seasonal,2024-01-26 00:00:00+00:00,49.58696318813851
synthetic_seasonal,2024-01-27 00:00:00+00:00,47.17549131928703
synthetic_seasonal,2024-01-28 00:00:00+00:00,47.98361773065369
synthetic_seasonal,2024-01-29 00:00:00+00:00,51.28166996712458
synthetic_seasonal,2024-01-30 00:00:00+00:00,52.893253003490635
synthetic_seasonal,2024-01-31 00:00:00+00:00,53.37384416400499
synthetic_seasonal,2024-02-01 00:00:00+00:00,52.062357768941276
synthetic_seasonal,2024-02-02 00:00:00+00:00,49.29137633240267
synthetic_seasonal,2024-02-03 00:00:00+00:00,47.42226175295735
synthetic_seasonal,2024-02-04 00:00:00+00:00,48.45943432528079
synthetic_seasonal,2024-02-05 00:00:00+00:00,51.76841491696503
synthetic_seasonal,2024-02-06 00:00:00+00:00,53.525309815272465
synthetic_seasonal,2024-02-07 00:00:00+00:00,53.88373660335509
synthetic_seasonal,2024-02-08 00:00:00+00:00,52.19029332042791
synthetic_seasonal,2024-02-09 00:00:00+00:00,49.877243317536845
synthetic_seasonal,2024-02-10 00:00:00+00:00,48.18726032934611
synthetic_seasonal,2024-02-11 00:00:00+00:00,48.04613775403061
synthetic_seasonal,2024-02-12 00:00:00+00:00,51.0935289878508
synthetic_seasonal,2024-02-13 00:00:00+00:00,53.23161340814895
synthetic_seasonal,2024-02-14 00:00:00+00:00,54.66271207756711
synthetic_seasonal,2024-02-15 00:00:00+00:00,52.0961132009277
synthetic_seasonal,2024-02-16 00:00:00+00:00,50.244229681523315
synthetic_seasonal,2024-02-17 00:00:00+00:00,47.43737384286907
synthetic_seasonal,2024-02-18 00:00:00+00:00,48.77096189005902
synthetic_seasonal,2024-02-19 00:00:00+00:00,50.6242796141188
synthetic_seasonal,2024-02-20 00:00:00+00:00,52.906805044133804
synthetic_seasonal,2024-02-21 00:00:00+00:00,54.3374450989398
synthetic_seasonal,2024-02-22 00:00:00+00:00,51.850079817045085
synthetic_seasonal,2024-02-23 00:00:00+00:00,49.68929397348069
synthetic_seasonal,2024-02-24 00:00:00+00:00,47.804224270355974
synthetic_seasonal,2024-02-25 00:00:00+00:00,48.95246598636673
synthetic_seasonal,2024-02-26 00:00:00+00:00,51.25880933543229
synthetic_seasonal,2024-02-27 00:00:00+00:00,52.40310390356751
synthetic_seasonal,2024-02-28 00:00:00+00:00,54.435427569981286
synthetic_seasonal,2024-02-29 00:00:00+00:00,52.176957119139296
synthetic_seasonal,2024-03-01 00:00:00+00:00,50.90225091060672
synthetic_seasonal,2024-03-02 00:00:00+00:00,48.73733739461109
synthetic_seasonal,2024-03-03 00:00:00+00:00,49.37283130353829
synthetic_seasonal,2024-03-04 00:00:00+00:00,50.08372334537959
synthetic_seasonal,2024-03-05 00:00:00+00:00,54.50235084488748
synthetic_seasonal,2024-03-06 00:00:00+00:00,54.258325291168
synthetic_seasonal,2024-03-07 00:00:00+00:00,51.971484843868
synthetic_seasonal,2024-03-08 00:00:00+00:00,50.204465570662464
synthetic_seasonal,2024-03-09 00:00:00+00:00,49.08456389470177
synthetic_seasonal,2024-03-10 00:00:00+00:00,48.26334862163401
synthetic_seasonal,2024-03-11 00:00:00+00:00,51.93457560944206
synthetic_seasonal,2024-03-12 00:00:00+00:00,53.618400552023026
synthetic_seasonal,2024-03-13 00:00:00+00:00,54.09926267960794
synthetic_seasonal,2024-03-14 00:00:00+00:00,52.566691387444095
synthetic_seasonal,2024-03-15 00:00:00+00:00,49.78528352636072
synthetic_seasonal,2024-03-16 00:00:00+00:00,48.68488276552801
synthetic_seasonal,2024-03-17 00:00:00+00:00,49.30809928932173
synthetic_seasonal,2024-03-18 00:00:00+00:00,52.06038931164796
synthetic_seasonal,2024-03-19 00:00:00+00:00,54.60105552589337
synthetic_seasonal,2024-03-20 00:00:00+00:00,54.35852543839811
synthetic_seasonal,2024-03-21 00:00:00+00:00,53.43858898414715
synthetic_seasonal,2024-03-22 00:00:00+00:00,49.7609775708466
synthetic_seasonal,2024-03-23 00:00:00+00:00,49.036635246804
synthetic_seasonal,2024-03-24 00:00:00+00:00,48.78852458113033
synthetic_seasonal,2024-03-25 00:00:00+00:00,51.415067426409934
synthetic_seasonal,2024-03-26 00:00:00+00:00,54.350121122228934
synthetic_seasonal,2024-03-27 00:00:00+00:00,54.29389291526133
synthetic_seasonal,2024-03-28 00:00:00+00:00,53.289699499830675
synthetic_seasonal,2024-03-29 00:00:00+00:00,49.75708099367929
synthetic_seasonal,2024-03-30 00:00:00+00:00,48.51721838728861
synthetic_seasonal,2024-03-31 00:00:00+00:00,49.72195553039889
synthetic_seasonal,2024-04-01 00:00:00+00:00,52.557954295090624
synthetic_seasonal,2024-04-02 00:00:00+00:00,53.62952712268933
synthetic_seasonal,2024-04-03 00:00:00+00:00,55.5578198831495
synthetic_seasonal,2024-04-04 00:00:00+00:00,53.31575915636387
synthetic_seasonal,2024-04-05 00:00:00+00:00,51.704038512303754
synthetic_seasonal,2024-04-06 00:00:00+00:00,48.8534588661311
synthetic_seasonal,2024-04-07 00:00:00+00:00,49.354013441875146
synthetic_seasonal,2024-04-08 00:00:00+00:00,52.12288858617923
synthetic_seasonal,2024-04-09 00:00:00+00:00,53.80551057120321
synthetic_seasonal,2024-04-10 00:00:00+00:00,54.99078413848797
synthetic_seasonal,2024-04-11 00:00:00+00:00,53.295273784547646
synthetic_seasonal,2024-04-12 00:00:00+00:00,51.386284180195645
synthetic_seasonal,2024-04-13 00:00:00+00:00,49.30564751316872
synthetic_seasonal,2024-04-14 00:00:00+00:00,49.12986404947048
synthetic_seasonal,2024-04-15 00:00:00+00:00,51.46754151887163
synthetic_seasonal,2024-04-16 00:00:00+00:00,54.00410581088043
synthetic_seasonal,2024-04-17 00:00:00+00:00,54.06723623323294
synthetic_seasonal,2024-04-18 00:00:00+00:00,52.42178393240348
synthetic_seasonal,2024-04-19 00:00:00+00:00,51.91079537338473
synthetic_seasonal,2024-04-20 00:00:00+00:00,48.87402650466342
synthetic_seasonal,2024-04-21 00:00:00+00:00,50.50547500692275
synthetic_seasonal,2024-04-22 00:00:00+00:00,51.88256804927579
synthetic_seasonal,2024-04-23 00:00:00+00:00,54.41178792295745
synthetic_seasonal,2024-04-24 00:00:00+00:00,54.37579892328667
synthetic_seasonal,2024-04-25 00:00:00+00:00,54.22291233785779
synthetic_seasonal,2024-04-26 00:00:00+00:00,50.831056012193784
synthetic_seasonal,2024-04-27 00:00:00+00:00,50.23469528118121
synthetic_seasonal,2024-04-28 00:00:00+00:00,49.67615933865626
synthetic_seasonal,2024-04-29 00:00:00+00:00,53.01364312716589
synthetic_seasonal,2024-04-30 00:00:00+00:00,55.47834609436866
synthetic_seasonal,2024-05-01 00:00:00+00:00,54.614218357921516
synthetic_seasonal,2024-05-02 00:00:00+00:00,53.9692042464744
synthetic_seasonal,2024-05-03 00:00:00+00:00,50.65779435584281
synthetic_seasonal,2024-05-04 00:00:00+00:00,48.993107665993286
synthetic_seasonal,2024-05-05 00:00:00+00:00,50.216760613166144
synthetic_seasonal,2024-05-06 00:00:00+00:00,52.92135286334264
synthetic_seasonal,2024-05-07 00:00:00+00:00,55.55104040835083
synthetic_seasonal,2024-05-08 00:00:00+00:00,55.31979440616733
synthetic_seasonal,2024-05-09 00:00:00+00:00,54.37088789216283
synthetic_seasonal,2024-05-10 00:00:00+00:00,51.57659204293707
synthetic_seasonal,2024-05-11 00:00:00+00:00,49.69142424128127
synthetic_seasonal,2024-05-12 00:00:00+00:00,49.830641643857305
synthetic_seasonal,2024-05-13 00:00:00+00:00,52.680681642256815
synthetic_seasonal,2024-05-14 00:00:00+00:00,56.75717271809965
synthetic_seasonal,2024-05-15 00:00:00+00:00,55.16518680696546
synthetic_seasonal,2024-05-16 00:00:00+00:00,53.93740862870425
synthetic_seasonal,2024-05-17 00:00:00+00:00,50.99768901149181
synthetic_seasonal,2024-05-18 00:00:00+00:00,50.51221354562151
synthetic_seasonal,2024-05-19 00:00:00+00:00,51.32355491919836
synthetic_seasonal,2024-05-20 00:00:00+00:00,53.459622026396644
synthetic_seasonal,2024-05-21 00:00:00+00:00,56.14168598351037
synthetic_seasonal,2024-05-22 00:00:00+00:00,55.725038629570406
synthetic_seasonal,2024-05-23 00:00:00+00:00,54.98676340912696
synthetic_seasonal,2024-05-24 00:00:00+00:00,51.16860681738543
synthetic_seasonal,2024-05-25 00:00:00+00:00,50.7401195498661
synthetic_seasonal,2024-05-26 00:00:00+00:00,51.30725461004472
synthetic_seasonal,2024-05-27 00:00:00+00:00,52.62813793590621
synthetic_seasonal,2024-05-28 00:00:00+00:00,55.7686732131959
synthetic_seasonal,2024-05-29 00:00:00+00:00,55.367115718523145
synthetic_seasonal,2024-05-30 00:00:00+00:00,53.603448809851095
synthetic_seasonal,2024-05-31 00:00:00+00:00,51.024504814987736
synthetic_seasonal,2024-06-01 00:00:00+00:00,49.563105185356875
synthetic_seasonal,2024-06-02 00:00:00+00:00,50.14342471893263
synthetic_seasonal,2024-06-03 00:00:00+00:00,53.0184170362716
synthetic_seasonal,2024-06-04 00:00:00+00:00,56.302551152306044
synthetic_seasonal,2024-06-05 00:00:00+00:00,55.91094172638647
synthetic_seasonal,2024-06-06 00:00:00+00:00,54.0124376821163
synthetic_seasonal,2024-06-07 00:00:00+00:00,52.18806933953028
synthetic_seasonal,2024-06-08 00:00:00+00:00,50.1236548663019
synthetic_seasonal,2024-06-09 00:00:00+00:00,50.89099779697185
synthetic_seasonal,2024-06-10 00:00:00+00:00,53.407514564295326
synthetic_seasonal,2024-06-11 00:00:00+00:00,55.79310953003245
synthetic_seasonal,2024-06-12 00:00:00+00:00,55.834102018692136
synthetic_seasonal,2024-06-13 00:00:00+00:00,54.4492570107731
synthetic_seasonal,2024-06-14 00:00:00+00:00,52.452465412453755
synthetic_seasonal,2024-06-15 00:00:00+00:00,50.19827934238795
synthetic_seasonal,2024-06-16 00:00:00+00:00,50.86460741228135
synthetic_seasonal,2024-06-17 00:00:00+00:00,53.502312191895854
synthetic_seasonal,2024-06-18 00:00:00+00:00,55.92515513037536
synthetic_seasonal,2024-06-19 00:00:00+00:00,56.15683893394824
synthetic_seasonal,2024-06-20 00:00:00+00:00,54.991540402070655
synthetic_seasonal,2024-06-21 00:00:00+00:00,52.124938996550725
synthetic_seasonal,2024-06-22 00:00:00+00:00,49.871745518585314
synthetic_seasonal,2024-06-23 00:00:00+00:00,51.44780666709835
synthetic_seasonal,2024-06-24 00:00:00+00:00,53.056278624789094
synthetic_seasonal,2024-06-25 00:00:00+00:00,57.384881307058926
synthetic_seasonal,2024-06-26 00:00:00+00:00,56.600190980237656
synthetic_seasonal,2024-06-27 00:00:00+00:00,54.71246840454577
synthetic_seasonal,2024-06-28 00:00:00+00:00,52.694565871478375
synthetic_seasonal,2024-06-29 00:00:00+00:00,51.39834699248351
synthetic_seasonal,2024-06-30 00:00:00+00:00,52.02312530459985
synthetic_seasonal,2024-07-01 00:00:00+00:00,53.78460879532084
synthetic_seasonal,2024-07-02 00:00:00+00:00,56.53357279521924
synthetic_seasonal,2024-07-03 00:00:00+00:00,56.950426994406556
synthetic_seasonal,2024-07-04 00:00:00+00:00,55.04106653778347
synthetic_seasonal,2024-07-05 00:00:00+00:00,51.657391815138766
synthetic_seasonal,2024-07-06 00:00:00+00:00,50.821490748650746
synthetic_seasonal,2024-07-07 00:00:00+00:00,50.125761708134974
synthetic_seasonal,2024-07-08 00:00:00+00:00,53.33220469755424
synthetic_seasonal,2024-07-09 00:00:00+00:00,56.82118177518335
synthetic_seasonal,2024-07-10 00:00:00+00:00,56.82931554010759
synthetic_seasonal,2024-07-11 00:00:00+00:00,55.11529738139528
synthetic_seasonal,2024-07-12 00:00:00+00:00,52.117228098479536
synthetic_seasonal,2024-07-13 00:00:00+00:00,50.523163250760796
synthetic_seasonal,2024-07-14 00:00:00+00:00,51.20721441033164
